{
  "sensors": [
    {
      "sensor_id": "5",
      "n_valid_days": 36,
      "mu_0": 1.1199025450300053,
      "mu_1": 23.656973022832133,
      "sigma2": 244.86254981827784,
      "sigma": 15.648084541511073,
      "D_i": 1.0371523658852024,
      "missing_rate": 0.07692307692307687,
      "mu_0_global": 1.1199025450300053,
      "mu_1_global": 23.656973022832133,
      "sigma2_global": 244.86254981827784,
      "sigma_global": 15.648084541511073,
      "D_i_global": 1.0371523658852024,
      "parameter_estimation_method": "per-day pre/post-sunrise window means averaged across valid days; pooled within-window variance.",
      "rank_by_D": 1
    },
    {
      "sensor_id": "25",
      "n_valid_days": 28,
      "mu_0": 1.0802169188861985,
      "mu_1": 80.03638614363778,
      "sigma2": 3770.857619867092,
      "sigma": 61.40730917298927,
      "D_i": 0.8266125755853037,
      "missing_rate": 0.06666666666666665,
      "mu_0_global": 1.0802169188861985,
      "mu_1_global": 80.03638614363778,
      "sigma2_global": 3770.857619867092,
      "sigma_global": 61.40730917298927,
      "D_i_global": 0.8266125755853037,
      "parameter_estimation_method": "per-day pre/post-sunrise window means averaged across valid days; pooled within-window variance.",
      "rank_by_D": 2
    },
    {
      "sensor_id": "4",
      "n_valid_days": 42,
      "mu_0": 1.5831602453102456,
      "mu_1": 104.41427937729502,
      "sigma2": 7379.697009492346,
      "sigma": 85.90516288030858,
      "D_i": 0.71644127450863,
      "missing_rate": 0.023255813953488413,
      "mu_0_global": 1.5831602453102456,
      "mu_1_global": 104.41427937729502,
      "sigma2_global": 7379.697009492346,
      "sigma_global": 85.90516288030858,
      "D_i_global": 0.71644127450863,
      "parameter_estimation_method": "per-day pre/post-sunrise window means averaged across valid days; pooled within-window variance.",
      "rank_by_D": 3
    },
    {
      "sensor_id": "29",
      "n_valid_days": 28,
      "mu_0": 1.4946481840193704,
      "mu_1": 102.8075226190476,
      "sigma2": 7392.910086924077,
      "sigma": 85.98203351238023,
      "D_i": 0.6941987935469671,
      "missing_rate": 0.06666666666666665,
      "mu_0_global": 1.4946481840193704,
      "mu_1_global": 102.8075226190476,
      "sigma2_global": 7392.910086924077,
      "sigma_global": 85.98203351238023,
      "D_i_global": 0.6941987935469671,
      "parameter_estimation_method": "per-day pre/post-sunrise window means averaged across valid days; pooled within-window variance.",
      "rank_by_D": 4
    },
    {
      "sensor_id": "32",
      "n_valid_days": 28,
      "mu_0": 0.5406375907990313,
      "mu_1": 76.19837619047618,
      "sigma2": 4536.19370768368,
      "sigma": 67.35127101758125,
      "D_i": 0.6309357336660095,
      "missing_rate": 0.06666666666666665,
      "mu_0_global": 0.5406375907990313,
      "mu_1_global": 76.19837619047618,
      "sigma2_global": 4536.19370768368,
      "sigma_global": 67.35127101758125,
      "D_i_global": 0.6309357336660095,
      "parameter_estimation_method": "per-day pre/post-sunrise window means averaged across valid days; pooled within-window variance.",
      "rank_by_D": 5
    },
    {
      "sensor_id": "31",
      "n_valid_days": 28,
      "mu_0": 0.9829000706214689,
      "mu_1": 83.71195142251815,
      "sigma2": 5857.832914544581,
      "sigma": 76.53648093912197,
      "D_i": 0.5841832668691657,
      "missing_rate": 0.06666666666666665,
      "mu_0_global": 0.9829000706214689,
      "mu_1_global": 83.71195142251815,
      "sigma2_global": 5857.832914544581,
      "sigma_global": 76.53648093912197,
      "D_i_global": 0.5841832668691657,
      "parameter_estimation_method": "per-day pre/post-sunrise window means averaged across valid days; pooled within-window variance.",
      "rank_by_D": 6
    },
    {
      "sensor_id": "2",
      "n_valid_days": 27,
      "mu_0": 0.8019512389047909,
      "mu_1": 65.15982804232804,
      "sigma2": 3847.5958587868718,
      "sigma": 62.028992082629166,
      "D_i": 0.5382499174368247,
      "missing_rate": 0.09999999999999998,
      "mu_0_global": 0.8019512389047909,
      "mu_1_global": 65.15982804232804,
      "sigma2_global": 3847.5958587868718,
      "sigma_global": 62.028992082629166,
      "D_i_global": 0.5382499174368247,
      "parameter_estimation_method": "per-day pre/post-sunrise window means averaged across valid days; pooled within-window variance.",
      "rank_by_D": 7
    },
    {
      "sensor_id": "28",
      "n_valid_days": 28,
      "mu_0": 1.1371494828259172,
      "mu_1": 86.11260598165497,
      "sigma2": 6903.332856957213,
      "sigma": 83.08629764863285,
      "D_i": 0.5229958019413189,
      "missing_rate": 0.06666666666666665,
      "mu_0_global": 1.1371494828259172,
      "mu_1_global": 86.11260598165497,
      "sigma2_global": 6903.332856957213,
      "sigma_global": 83.08629764863285,
      "D_i_global": 0.5229958019413189,
      "parameter_estimation_method": "per-day pre/post-sunrise window means averaged across valid days; pooled within-window variance.",
      "rank_by_D": 8
    },
    {
      "sensor_id": "3",
      "n_valid_days": 42,
      "mu_0": 0.6513370828265225,
      "mu_1": 66.7508004385965,
      "sigma2": 4678.988227953671,
      "sigma": 68.40313024967257,
      "D_i": 0.466889297756536,
      "missing_rate": 0.023255813953488413,
      "mu_0_global": 0.6513370828265225,
      "mu_1_global": 66.7508004385965,
      "sigma2_global": 4678.988227953671,
      "sigma_global": 68.40313024967257,
      "D_i_global": 0.466889297756536,
      "parameter_estimation_method": "per-day pre/post-sunrise window means averaged across valid days; pooled within-window variance.",
      "rank_by_D": 9
    }
  ],
  "pre_window_minutes": 120,
  "post_window_minutes": 120,
  "n_sensors": 9,
  "parameter_estimation_method": "For every sensor, mu_0 and mu_1 are the cross-day averages of the per-day means computed in the pre- and post-sunrise windows; sigma^2 is the pooled within-window variance across all valid days. The resulting (mu_0, mu_1, sigma^2) are treated as fixed global empirical parameters of each sensor and are reused unchanged across all detection days.",
  "notes": []
}